Time,Equity,DrawdownPct,DrawdownDuration,returns
2020-01-01,10000.0,0.0,,0.0
2020-01-02,10000.0,0.0,,0.0
2020-01-03,10022.4812544,0.0,,0.0022481254399999706
2020-01-05,10040.1112544,0.0,,0.0017590454451845705
2020-01-06,10034.6442544,0.0005445158785073456,,-0.0005445158785073456
2020-01-07,10003.0885154,0.0036874829433563017,,-0.003144679392711236
2020-01-08,10040.0585154,5.252830239110828e-06,,0.0036958585284017076
2020-01-09,10034.4609238,0.0005627756960885355,,-0.0005575257944377965
2020-01-10,10025.0503908,0.001500069393494119,,-0.0009378214805421115
2020-01-12,10023.0151272,0.0017027826452130634,,-0.00020301779249576324
2020-01-13,10009.062127199999,0.0030925082813594296,,-0.001392096073180249
2020-01-14,10004.433092199999,0.00355356243531324,,-0.0004624843907622411
2020-01-15,9997.683092199999,0.004225865742414792,,-0.0006747008988707837
2020-01-16,9993.3118432,0.00466124428446868,,-0.00043722620127961687
2020-01-17,9998.0718432,0.004187145952349702,,0.00047631856932794925
2020-01-19,9998.116417599998,0.004182706320270957,,4.458299629916951e-06
2020-01-20,10002.005026599998,0.0037953989586821946,,0.00038893415895357997
2020-01-21,9997.375026599999,0.004256549227108719,,-0.00046290718587782553
2020-01-22,10002.215026599999,0.0037744828557944032,,0.00048412708207123956
2020-01-23,10001.7350266,0.003822291090966101,,-4.7989370226764194e-05
2020-01-24,10012.3050266,0.002769513912290189,,0.0010568166395019674
2020-01-26,10023.515026599998,0.001652992420052013,,0.0011196223017793105
2020-01-27,10021.905026599998,0.001813349208857007,,-0.00016062229624314028
2020-01-28,10009.2350266,0.003075287416408834,,-0.0012642306992901586
2020-01-29,10000.2713536,0.00396807363887941,,-0.0008955402661821044
2020-01-30,9998.045954599998,0.0041897244695936475,,-0.0002225338614636474
2020-01-31,10012.2859546,0.0027714134928341627,,0.0014242783104483348
2020-02-02,10012.305954599999,0.0027694214830354946,,1.997545824083957e-06
2020-02-03,10001.6859546,0.00382717868620841,,-0.0010606947139005785
2020-02-04,10025.9972176,0.0014057649803248529,,0.002430716492234808
2020-02-05,10027.653412,0.0012408072066474318,,0.00016518999198344986
2020-02-06,10037.393412,0.0002706984346224628,,0.0009713139854179431
2020-02-07,10041.846411999999,0.0,33 days,0.00044364107465155733
2020-02-09,10046.393412,0.0,,0.0004528051728183158
2020-02-10,10048.928463,0.0,,0.0002523344344620426
2020-02-11,10053.778462999999,0.0,,0.00048263852388408246
2020-02-12,10056.2520654,0.0,,0.0002460370903440978
2020-02-13,10063.782065399999,0.0,,0.0007487879133327713
2020-02-14,10070.1820654,0.0,,0.0006359438189749156
2020-02-16,10069.4120654,7.646336431654799e-05,,-7.646336431654799e-05
2020-02-17,10067.9484718,0.00022180270282046166,,-0.00014535045248853518
2020-02-18,10084.3116388,0.0,4 days,0.0016252732168655637
2020-02-19,10093.8016388,0.0,,0.0009410657206869733
2020-02-20,10105.5416388,0.0,,0.001163090024958624
2020-02-21,10084.2042218,0.0021114570364120233,,-0.0021114570364120233
2020-02-23,10083.2903022,0.0022018945045525484,,-9.062882701504904e-05
2020-02-24,10071.6503022,0.003353737762048725,,-0.00115438509168575
2020-02-25,10057.6033022,0.004743767163943202,,-0.0013947068830351128
2020-02-26,10053.4993512,0.0051498761234315404,,-0.0004080446281969907
2020-02-27,10055.3276496,0.004968955746736392,,0.00018185691729133424
2020-02-28,9995.0976496,0.01092905191503557,,-0.005989859515159179
2020-03-01,9994.4576496,0.01099238350307663,,-6.403139043120731e-05
2020-03-02,9987.060688599999,0.011724354263713654,,-0.0007401062928410473
2020-03-03,10040.5953096,0.006426803383862145,,0.005360398086006413
2020-03-04,10031.382309599998,0.007338481384834283,,-0.0009175750755727741
2020-03-05,9993.038008,0.01113286499835342,,-0.0038224344777790797
2020-03-06,9993.988008,0.011038857172354977,,9.506618500210173e-05
2020-03-08,9977.485029,0.012671919465289117,,-0.001651290654620552
2020-03-09,10010.748019399998,0.0093803600824367,,0.003333805092497588
2020-03-10,9996.264736399999,0.010813562133120569,,-0.0014467733052447862
2020-03-11,10004.504287399997,0.009998212368159565,,0.0008242629839518845
2020-03-12,9937.158558399997,0.016662449814020763,,-0.006731540820550053
2020-03-13,9889.888558399998,0.021340081324488946,,-0.004756893001374163
2020-03-15,9937.465088799998,0.016632116912435047,,0.0048106235089566685
2020-03-16,9885.990507199998,0.021725815344428412,,-0.005179850307903355
2020-03-17,9916.3635072,0.018720236713849592,,0.0030723274494226516
2020-03-18,9955.7159956,0.014826087364258389,,0.003968439475965813
2020-03-19,9928.446383999999,0.017524568314086886,,-0.002739090951575207
2020-03-20,9900.6521384,0.020274964739478207,,-0.0027994556776566037
2020-03-22,9882.8883848,0.022032787747380822,,-0.0017942003568737208
2020-03-23,9958.328384800001,0.014567576807043792,,0.007633395932714171
2020-03-24,9894.7250218,0.02086148615632566,,-0.006386951759602688
2020-03-25,9874.442000800002,0.022868604797262493,,-0.0020498822307150055
2020-03-26,9858.4199812,0.024454073461157244,,-0.001622574683076028
2020-03-27,9858.019981200001,0.024493655703682893,,-4.0574453184394343e-05
2020-03-29,9831.3220896,0.027135561754269455,,-0.0027082407675086406
2020-03-30,9820.9920896,0.02815777316749435,,-0.0010507233824561535
2020-03-31,9783.5620896,0.03186168151183166,,-0.0038112239230532197
2020-04-01,9795.932089599999,0.03063760066172616,,0.001264365666278966
2020-04-02,9817.3990896,0.028513320660981,,0.002191419846896636
2020-04-03,9821.9720896,0.02806079667330652,,0.0004658056536424038
2020-04-05,9816.598973999999,0.028592496585300498,,-0.0005470505872939846
2020-04-06,9774.756973999998,0.03273299706469579,,-0.004262372346147791
2020-04-07,9788.408973999998,0.031382055127295416,,0.0013966587646436768
2020-04-08,9787.799504399998,0.03144236556109348,,-6.226441923495862e-05
2020-04-09,9752.2701028,0.03495819903839914,,-0.0036299682665166255
2020-04-12,9747.412859199998,0.03543885052385254,,-0.0004980628662660802
2020-04-13,9778.652859199998,0.032347477382599577,,0.0032049529912456798
2020-04-14,9770.279453599998,0.033176072810661594,,-0.0008562943915246812
2020-04-15,9760.414445999997,0.03415227061901305,,-0.0010096955411409425
2020-04-16,9760.241346399998,0.03416939979488365,,-1.7734861665563706e-05
2020-04-17,9726.108232799997,0.03754706274656039,,-0.003497158767758357
2020-04-19,9719.458232799998,0.03820511752854916,,-0.0006837267117358881
2020-04-20,9734.978232799996,0.03666932651855426,,0.0015967968201791027
2020-04-21,9731.531232799996,0.037010426493519044,,-0.0003540839966530429
2020-04-22,9755.668232799997,0.034621935023915085,,0.0024802879857845905
2020-04-23,9738.805905199997,0.03629055687544036,,-0.001728464642053562
2020-04-24,9737.900255599998,0.03638017598071641,,-9.299390590744583e-05
2020-04-26,9737.684977999996,0.03640147890615053,,-2.2107188855091664e-05
2020-04-27,9753.224977999997,0.034863708784029,,0.0015958618537270652
2020-04-28,9748.130084399996,0.035367877069322984,,-0.0005223804035581203
2020-04-29,9756.830084399997,0.03450696329439007,,0.0008924788574502518
2020-04-30,9731.210084399998,0.03704220592815766,,-0.002625852841381615
2020-05-01,9742.173084399998,0.035957355616136,,0.001126581371167168
2020-05-03,9739.426508799997,0.036229144669921665,,-0.00028192638092194855
2020-05-04,9743.256639799998,0.03585013173455409,,0.00039326042416765183
2020-05-05,9743.339639799997,0.03584191841923012,,8.51871228135792e-06
2020-05-06,9729.396639799998,0.03722165643806774,,-0.0014310288376938596
2020-05-07,9704.575710799998,0.03967782651654239,,-0.002551127260910002
2020-05-08,9691.362871199997,0.040985311070291575,,-0.001361506158924275
2020-05-10,9696.159871199998,0.040510621026802696,,0.0004949768225328555
2020-05-11,9704.248630199998,0.039710192975628944,,0.0008342229405711166
2020-05-12,9709.033118599998,0.039236741025103994,,0.0004930302780075113
2020-05-13,9724.806118599998,0.03767591424671157,,0.0016245695948633454
2020-05-14,9739.256118599998,0.03624600573547254,,0.0014858908058190679
2020-05-15,9748.196118599999,0.035361342615024216,,0.0009179345825938157
2020-05-17,9717.879144999999,0.038361377119221274,,-0.0031100085832448388
2020-05-18,9741.312144999998,0.03604255039646276,,0.0024113286088822683
2020-05-19,9752.338217999999,0.03495145865748395,,0.0011318878643735708
2020-05-20,9750.5620184,0.03512722356583675,,-0.000182130639882927
2020-05-21,9728.695537399999,0.0372910344511479,,-0.002242586730768714
2020-05-22,9736.475537399998,0.03652115983402415,,0.0007996961124017155
2020-05-24,9734.589275799997,0.03670781599431927,,-0.0001937314578314142
2020-05-25,9730.303164199999,0.03713195076642706,,-0.0004402971176866721
2020-05-26,9716.423164199998,0.03850545458206711,,-0.001426471484574976
2020-05-27,9714.5731642,0.0386885224537481,,-0.00019039928260999872
2020-05-28,9725.360164199998,0.03762108832843791,,0.0011103936135610226
2020-05-29,9732.330164199999,0.036931367752428446,,0.0007166829693010524
2020-05-31,9743.340164199999,0.035841866526909905,,0.0011312809793999623
2020-06-01,9741.079221199998,0.03606559951231669,,-0.00023205009389992703
2020-06-02,9756.262221199997,0.03456315654164954,,0.0015586568649350596
2020-06-03,9729.909930199998,0.037170863475320504,,-0.0027010642398209717
2020-06-04,9741.679930199996,0.036006155989003474,,0.0012096720405876393
2020-06-05,9714.219930199997,0.03872347693838907,,-0.0028188156659583186
2020-06-07,9710.696930199996,0.03907209753943375,,-0.0003626642206285835
2020-06-08,9694.447679199997,0.04068005202428904,,-0.0016733352010466218
2020-06-09,9710.075237599996,0.0391336175076078,,0.0016120112168462875
2020-06-10,9732.305237599996,0.03693383437924502,,0.002289374639850239
2020-06-11,9740.778142599996,0.03609539292772801,,0.0008705958961567895
2020-06-12,9737.755142599997,0.03639453572561557,,-0.00031034481596270425
2020-06-14,9734.855142599998,0.03668150698392647,,-0.00029780991178474103
2020-06-15,9725.908616999997,0.03756681584907928,,-0.0009190199000342902
2020-06-16,9728.295616999998,0.03733060881680739,,0.00024542694096751916
2020-06-17,9729.395616999998,0.0372217576498618,,0.00011307222182654897
2020-06-18,9725.058616999999,0.03765092811444615,,-0.0004457625294238543
2020-06-19,9745.148616999997,0.03566290998359567,,0.0020657973171369637
2020-06-21,9750.905616999999,0.035093222558045145,,0.0005907554852431218
2020-06-22,9757.238616999997,0.034466536703257944,,0.0006494781355443902
2020-06-23,9743.700545399997,0.03580620478675989,,-0.0013874900606010154
2020-06-24,9736.916856399997,0.03647748884480129,,-0.0006962127959897479
2020-06-25,9740.749856399998,0.03609819200579922,,0.000393656437302381
2020-06-26,9745.899856399998,0.03558857063328158,,0.0005287067295558501
2020-06-28,9746.209856399997,0.0355578943953242,,3.180824803949989e-05
2020-06-29,9748.009856399998,0.03537977430395878,,0.0001846871785569082
2020-06-30,9757.809856399997,0.034410009362080496,,0.0010053334110617929
2020-07-01,9743.109856399999,0.03586465677489792,,-0.0015064855962895196
2020-07-02,9750.519856399998,0.035131395732110327,,0.0007605374576713508
2020-07-03,9750.784760799997,0.03510518195659307,,2.716823347892472e-05
2020-07-05,9753.770087199999,0.0348097671726354,,0.00030616268056737894
2020-07-06,9764.260087199998,0.03377172286240038,,0.0010754815734037582
2020-07-07,9772.797087199999,0.032926938851296716,,0.0008743109998874399
2020-07-08,9787.547087199999,0.031467343658163505,,0.0015092915434946619
2020-07-09,9782.260087199998,0.0319905219487463,,-0.0005401762007269939
2020-07-10,9776.600087199999,0.03255061068048415,,-0.0005785983964387009
2020-07-12,9776.600249599998,0.0325505946100938,,1.6611091613327744e-08
2020-07-13,9778.560268,0.03235663980093484,,0.00020048057095123362
2020-07-14,9785.530267999999,0.03166691922492548,,0.0007127838668448128
2020-07-15,9789.290267999999,0.03129484614518441,,0.0003842408021867971
2020-07-16,9774.500268,0.032758399562570095,,-0.0015108347587102777
2020-07-17,9785.600267999998,0.03165999233248351,,0.0011356079283497689
2020-07-19,9785.130267999999,0.03170650146745113,,-4.802975669626619e-05
2020-07-20,9794.160268,0.03081293234243454,,0.0009228287976432714
2020-07-21,9819.410268,0.028314303283003106,,0.0025780668591361966
2020-07-22,9846.287267999998,0.02565467345209882,,0.0027371297528515637
2020-07-23,9862.060268,0.024093846673706176,,0.0016019236053839148
2020-07-24,9846.113144399998,0.025671903958510378,,-0.0016170174554444028
2020-07-26,9833.676144399999,0.026902614834239058,,-0.001263138034024447
2020-07-27,9884.7134414,0.021852188164970365,,0.0051900526568657845
2020-07-28,9875.756441399999,0.022738533530725857,,-0.0009061466529202145
2020-07-29,9886.1964414,0.021705437000806516,,0.0010571342116372229
2020-07-30,9895.4061618,0.02079408353464096,,0.0009315736799881957
2020-07-31,9913.8278068,0.018971158484362483,,0.001861636066148975
2020-08-02,9920.1148068,0.01834902458746568,,0.0006341647366205905
2020-08-03,9913.3978068,0.019013709395077627,,-0.0006771090991201101
2020-08-04,9857.285783199999,0.024566308711927665,,-0.005660221116266628
2020-08-05,9862.4726262,0.02405304151800647,,0.0005261938340919148
2020-08-06,9895.3026262,0.020804328962714003,,0.0033287798348646813
2020-08-07,9929.7887886,0.01739172985297488,,0.003485104367469294
2020-08-09,9923.299047,0.018033926167824843,,-0.0006535629043239455
2020-08-10,9921.800642,0.01818220174310403,,-0.00015099867422152524
2020-08-11,9802.3120244,0.03000627034534753,,-0.012043037540402923
2020-08-12,9815.0650244,0.028744289498023545,,0.0013010195929548107
2020-08-13,9779.1536768,0.03229791867333853,,-0.003658798745675762
2020-08-14,9765.515225800002,0.033647519861228825,,-0.0013946453293146588
2020-08-16,9753.9522258,0.03479174353703918,,-0.0011840645099250313
2020-08-17,9702.235742800001,0.03990937946873763,,-0.005302105423810044
2020-08-18,9680.805742800001,0.042029998112049216,,-0.0022087692536127967
2020-08-19,9602.817711800002,0.04974735100489813,,-0.00805594421290834
2020-08-20,9577.372198200002,0.052265327231160175,,-0.002649796587175901
2020-08-21,9590.382198200003,0.0509779147930135,,0.0013584101913095559
2020-08-23,9584.901224600002,0.05152028785879326,,-0.0005715073170940999
2020-08-24,9579.461224600003,0.05205860635714188,,-0.0005675593177775218
2020-08-25,9579.441224600003,0.05206058546926828,,-2.0878000893675974e-06
2020-08-26,9555.122333600002,0.05446707607306023,,-0.0025386544402558053
2020-08-27,9529.281674000002,0.057024154211335,,-0.0027043776832802457
2020-08-28,9565.841674000001,0.05340633724449095,,0.003836595585137381
2020-08-30,9558.791598400003,0.05410398175004916,,-0.0007370052568568264
2020-08-31,9553.190003400001,0.0546582909796004,,-0.000586014972953186
2020-09-01,9548.086451800002,0.05516331602253377,,-0.0005342248608247724
2020-09-02,9519.8319622,0.05795925617199782,,-0.0029591782335270933
2020-09-03,9503.1189622,0.05961310122032559,,-0.001755598215006482
2020-09-04,9508.5619622,0.059074485855157954,,0.0005727593247699669
2020-09-06,9509.4789622,0.0589837435641678,,9.643939889603104e-05
2020-09-07,9505.7319622,0.05935453022102688,,-0.0003940278973112443
2020-09-08,9505.7058686,0.05935711232903573,,-2.7450384781912973e-06
2020-09-09,9488.5258686,0.06105716964551222,,-0.0018073355348339204
2020-09-10,9484.756420999998,0.06143017761823977,,-0.00039726377439464056
2020-09-11,9479.876420999999,0.061913080977052504,,-0.0005145097863762382
2020-09-13,9478.9213114,0.06200759442661696,,-0.00010075127117514793
2020-09-14,9492.9557684,0.060618806224892574,,0.0014805964243127523
2020-09-15,9489.6727684,0.06094367748042173,,-0.0003458353836355288
2020-09-16,9495.535768400001,0.06036350076060193,,0.0006178295230079289
2020-09-17,9507.7838328,0.059151486121725716,,0.0012898760742663384
2020-09-18,9510.0944292,0.05892283965401646,,0.0002430215537747582
2020-09-20,9508.7244292,0.05905840883466684,,-0.00014405745497059197
2020-09-21,9477.3944292,0.06215868798048807,,-0.00329486885788699
2020-09-22,9464.5144292,0.06343323618981389,,-0.0013590233155555964
2020-09-23,9513.473599599998,0.05858845179824601,,0.00517291941031317
2020-09-24,9526.23966,0.05732517855112118,,0.0013418926605879289
2020-09-25,9519.522659999999,0.05798986335873324,,-0.0007051050823553284
2020-09-27,9520.97266,0.05784637772957768,,0.00015231856173780756
2020-09-28,9500.5801724,0.059864328704288705,,-0.002141849192118128
2020-09-29,9486.3601724,0.061271477426075416,,-0.0014967506975320788
2020-09-30,9495.5001724,0.06036702318436449,,0.0009634886124809672
2020-10-01,9479.8401724,0.061916667979243556,,-0.0016492022237561965
2020-10-02,9484.1601724,0.061489179759966595,,0.00045570388544913243
2020-10-04,9477.9064068,0.06210802492666079,,-0.0006593905508046616
2020-10-05,9487.7364068,0.06113529131659301,,0.001037148878463956
2020-10-06,9454.9364068,0.06438103520369609,,-0.003457094357774637
2020-10-07,9461.8594068,0.0636959655411834,,0.0007322101072009257
2020-10-08,9453.0920352,0.06456354611364268,,-0.0009266013394471084
2020-10-09,9487.0929876,0.061198961253643325,,0.003596807507362909
2020-10-11,9486.4729876,0.06126031372955798,,-6.535194719914372e-05
2020-10-12,9482.4899876,0.06165445390950708,,-0.0004198609963056432
2020-10-13,9513.7549886,0.058560606779140656,,0.0032971298720994024
2020-10-14,9518.256323599999,0.05811517444499281,,0.00047313968095585857
2020-10-15,9526.3593236,0.057313337167029466,,0.0008513113877706147
2020-10-16,9519.0193236,0.058039671317375086,,-0.0007704937165047276
2020-10-18,9520.739323599999,0.05786946767451484,,0.0001806908822776787
2020-10-19,9518.142184,0.0581264691983151,,-0.00027278759681625964
2020-10-20,9525.514599,0.05739692740199087,,0.0007745644956211883
2020-10-21,9536.094599,0.056349977087187475,,0.001110701147958082
2020-10-22,9519.754599,0.05796691169436019,,-0.0017134897132536908
2020-10-23,9516.094599,0.0583290892134698,,-0.0003844636919930755
2020-10-25,9522.636939400001,0.057681687952474414,,0.0006875026652939376
2020-10-26,9526.010258400001,0.057347879125538403,,0.00035424210977130777
2020-10-27,9529.027258400001,0.05704933006128876,,0.0003167118151421455
2020-10-28,9503.377258400002,0.059587541363245844,,-0.002691775278257147
2020-10-29,9514.131359400002,0.05852336277842751,,0.001131608343812207
2020-10-30,9504.038359400001,0.05952212171295601,,-0.0010608430363985288
2020-11-01,9505.269973800001,0.05940024656325882,,0.00012958853420252936
2020-11-02,9522.972973800002,0.057648435464679904,,0.0018624405249716425
2020-11-03,9502.967028200002,0.05962813594141514,,-0.0021008088183218643
2020-11-04,9493.078170600003,0.060606693840976944,,-0.0010406073777435854
2020-11-05,9451.280235000004,0.06474283390095326,,-0.004402990773787918
2020-11-06,9447.040235000004,0.06516240567172515,,-0.0004486164725385766
2020-11-08,9446.046297400002,0.06526076136957171,,-0.00010521153454179366
2020-11-09,9533.391604400002,0.05661745355669412,,0.00924675829971755
2020-11-10,9538.777458800001,0.056084493069022634,,0.0005649463090884321
2020-11-11,9549.542149200002,0.05501926660370682,,0.0011285188742997665
2020-11-12,9559.359055600002,0.0540478286787659,,0.00102799759890293
2020-11-13,9571.979055600003,0.05279900892708167,,0.0013201721921520804
2020-11-15,9569.194428000003,0.05307456343959871,,-0.00029091451034579663
2020-11-16,9569.841428000003,0.05301053916231335,,6.761279696720912e-05
2020-11-17,9577.054428000003,0.05229677237396968,,0.0007537219978270837
2020-11-18,9565.427925000004,0.05344728002764754,,-0.0012139957110410826
2020-11-19,9557.177925000004,0.05426366377973901,,-0.0008624810164987728
2020-11-20,9564.500925000004,0.05353901187470067,,0.0007662303723408037
2020-11-22,9566.180925000004,0.0533727664560929,,0.00017564952036441817
2020-11-23,9529.647925000003,0.05698791162156669,,-0.00381897439390122
2020-11-24,9555.967804000004,0.05438341203700747,,0.0027618941651510465
2020-11-25,9556.837804000004,0.05429732065951409,,9.104258384340369e-05
2020-11-26,9557.236146400004,0.05425790244580153,,4.168140217175598e-05
2020-11-27,9534.736146400004,0.0564844035878691,,-0.002354237109488566
2020-11-29,9535.528704800005,0.056405975490857685,,8.312326506265677e-05
2020-11-30,9543.421704800005,0.055624918890220365,,0.0008277464464059303
2020-12-01,9575.545965800004,0.05244604316557255,,0.003366115633750333
2020-12-02,9594.885965800004,0.050532241739457584,,0.002019728177283575
2020-12-03,9604.118965800004,0.04961858462635926,,0.0009622834531759494
2020-12-04,9605.261022200004,0.04950557174285242,,0.00011891318756740432
2020-12-06,9608.125022200004,0.049222162886368825,,0.0002981699293105322
2020-12-07,9636.308953400003,0.04643320488615754,,0.002933343512379283
2020-12-08,9642.408953400003,0.045829575687641344,,0.0006330224601036605
2020-12-09,9606.671953400004,0.04936595219048889,,-0.0037062315208481467
2020-12-10,9603.835121800003,0.049646672581478035,,-0.00029529806094785727
2020-12-11,9601.365121800003,0.0498910929290739,,-0.00025718892178738795
2020-12-13,9596.496982200004,0.050372822634813574,,-0.000507025775839498
2020-12-14,9585.866982200005,0.05142472072993254,,-0.0011076958623251754
2020-12-15,9560.514528600004,0.05393348814747112,,-0.0026447741917425827
2020-12-16,9548.374528600005,0.05513480920812441,,-0.0012698061347726775
2020-12-17,9567.285663000004,0.05326344643748471,,0.001980560601530179
2020-12-18,9569.615954000004,0.05303285107869138,,0.0002435686653543545
2020-12-20,9567.478954000004,0.05324431920938466,,-0.00022331094688365916
2020-12-21,9571.478954000004,0.052848496784128174,,0.0004180829682753906
2020-12-22,9556.313163000004,0.05434923682776638,,-0.0015844772864136436
2020-12-23,9564.696163000004,0.053519691980035144,,0.0008772211476342218
2020-12-24,9571.293163000004,0.05286688184518096,,0.0006897239481082895
2020-12-27,9580.266163000004,0.05197895318972434,,0.0009374908747636912
2020-12-28,9568.773163000005,0.05311624997309239,,-0.001199653517392374
2020-12-29,9566.344842000006,0.053356545949972634,,-0.0002537755842503264
2020-12-30,9550.024842000006,0.054971501445018944,,-0.0017059807344962374
2020-12-31,9552.232826400006,0.05475300900998481,,0.00023120195355819106
2021-01-03,9567.502826400007,0.05324195690156819,,0.001598579125688504
2021-01-04,9538.467221400006,0.056115192799040536,,-0.0030348154086645707
2021-01-05,9546.818917800007,0.05528874561802699,,0.0008755805525297866
2021-01-06,9520.695917800007,0.0578737629217706,,-0.00273630412652881
2021-01-07,9527.811126800007,0.057169673101123974,,0.0007473412722589501
2021-01-08,9459.570847800005,0.06392243128461361,,-0.0071622199571163
2021-01-10,9455.727847800006,0.06430271767967866,,-0.0004062552162070743
2021-01-11,9458.237847800006,0.0640543391078302,,0.00026544757213842196
2021-01-12,9469.807847800006,0.06290942274277589,,0.0012232722613008118
2021-01-13,9459.327847800007,0.06394647749694782,,-0.0011066750422432658
2021-01-14,9460.445196800007,0.06383590954918827,,0.00011812139487910045
2021-01-15,9479.725196800006,0.0619280454594523,,0.002037959059952188
2021-01-17,9459.946475200006,0.06388526084749835,,-0.0020864235185505953
2021-01-18,9486.806475200006,0.06122731326190112,,0.002839339532249685
2021-01-19,9490.406475200007,0.06087107307917028,,0.0003794743794354183
2021-01-20,9519.436475200007,0.057998391827871365,,0.0030588784659393298
2021-01-21,9519.546502200006,0.05798750403937558,,1.1558142153145212e-05
2021-01-22,9504.899612000007,0.05943689593973289,,-0.001538612180382204
2021-01-24,9500.962774600006,0.05982646807160996,,-0.00041419031875200574
2021-01-25,9499.104412200006,0.06001036344965338,,-0.0001955972719910326
2021-01-26,9494.954412200006,0.0604210292158569,,-0.00043688329129953907
2021-01-27,9483.526412200006,0.061551893884814635,,-0.001203586610728391
2021-01-28,9487.484412200007,0.061160227595023264,,0.0004173552988588902
2021-01-29,9490.757412200006,0.06083634589555731,,0.0003449808039515112
2021-01-31,9499.606412200006,0.059960687735283624,,0.0009323808012018375
2021-02-01,9501.294412200006,0.059793650671825405,,0.00017769157234059918
2021-02-02,9480.034412200006,0.061897446862063554,,-0.0022375898564622743
2021-02-03,9481.927131200006,0.06171015170583638,,0.0001996531782166855
2021-02-04,9443.110286200006,0.06555129613801236,,-0.004093771705149907
2021-02-05,9461.383286200005,0.06374308034383458,,0.0019350615894746515
2021-02-07,9465.220286200005,0.06336338768240735,,0.0004055432365366318
2021-02-08,9477.713286200005,0.062127135292725066,,0.0013198847593873797
2021-02-09,9471.704209200005,0.06272176715064837,,-0.0006340218171348999
2021-02-10,9465.814209200005,0.06330461567183843,,-0.0006218521894167939
2021-02-11,9481.074209200005,0.06179455311948501,,0.001612116999419655
2021-02-12,9477.751882200004,0.062123316002143936,,-0.0003504167277562642
2021-02-14,9474.865882200003,0.06240890188196646,,-0.00030450259047409833
2021-02-15,9472.698882200004,0.06262333868084913,,-0.00022871036138571998
2021-02-16,9442.368882200004,0.06562466222035623,,-0.003201833012658306
2021-02-17,9432.188882200004,0.06663203029263398,,-0.0010781192862726607
2021-02-18,9438.472265200004,0.0660102543181652,,0.0006661638224672028
2021-02-19,9450.111980200005,0.0648584392630166,,0.001233220236596777
2021-02-21,9449.864980200004,0.06488288129777631,,-2.6137256417535504e-05
2021-02-22,9477.048980200005,0.06219287209573321,,0.0028766548577106033
2021-02-23,9481.336911200005,0.061768557283795045,,0.0004524542406565413
2021-02-24,9478.235770200006,0.06207543257171555,,-0.00032707845202040176
2021-02-25,9511.065177200006,0.05882677869709774,,0.0034636622042274468
2021-02-26,9474.104220200006,0.06248427260698264,,-0.003886100695493333
2021-02-28,9480.001220200007,0.06190073139654817,,0.0006224335159230598
2021-03-01,9465.821220200007,0.0633039218940824,,-0.0014957803981908713
2021-03-02,9477.332220200007,0.06216484390980059,,0.0012160593077159554
2021-03-03,9503.046935000008,0.05962022871557193,,0.002713286207820298
2021-03-04,9519.225935000008,0.05801922596101583,,0.0017025065866413946
2021-03-05,9514.022935000008,0.05853409198066817,,-0.0005465780553510768
2021-03-07,9517.329591400006,0.05820687979173389,,0.0003475560677737022
2021-03-08,9494.198591400007,0.060495821921385695,,-0.002430408632785097
2021-03-09,9525.388591400006,0.05740939656044852,,0.003285164060951029
2021-03-10,9514.205442600005,0.05851603183045351,,-0.0011740359663748867
2021-03-11,9509.851123800005,0.058946916087392554,,-0.0004576649964382895
2021-03-12,9505.143604800005,0.05941275148427272,,-0.0004950150048320667
2021-03-14,9506.866604800005,0.05924225097459346,,0.00018127027550951524
2021-03-15,9511.904557800004,0.05874371728089656,,0.0005299278100163729
2021-03-16,9512.871557800005,0.058648027209590725,,0.00010166207977846398
2021-03-17,9529.670557800006,0.056985671979119856,,0.0017659231387632257
2021-03-18,9516.400557800005,0.058298812874908235,,-0.0013924930478461661
2021-03-19,9526.144557800006,0.05733458944698344,,0.0010239165471039868
2021-03-21,9534.867356000006,0.0564714196623467,,0.0009156693085092815
2021-03-22,9535.655741000006,0.05639340454666275,,8.268442240089158e-05
2021-03-23,9523.502741000006,0.05759601203019826,,-0.001274479734806988
2021-03-24,9530.955741000005,0.05685849589633918,,0.0007825902089484416
2021-03-25,9523.675741000005,0.05757889271030603,,-0.000763826860372907
2021-03-26,9528.265741000005,0.05712468647732416,,0.0004819567701408456
2021-03-28,9527.632487400006,0.057187350471262666,,-6.64605309310673e-05
2021-03-29,9508.189290400007,0.05911136381908233,,-0.0020407165185801768
2021-03-30,9481.729290400006,0.06172972916215391,,-0.0027828642438488815
2021-03-31,9503.689290400007,0.05955666404749582,,0.0023160332179315013
2021-04-01,9525.136290400007,0.057434363158877066,,0.002256702565146318
2021-04-04,9524.299290400006,0.057517189001362046,,-8.78727584029404e-05
2021-04-05,9522.607697400006,0.05768458161231371,,-0.00017760813141443066
2021-04-06,9508.760697400006,0.059054819892945254,,-0.0014541184977913124
2021-04-07,9501.985066400006,0.059725306566711045,,-0.0007125672015126927
2021-04-08,9519.312066400007,0.058010702776106204,,0.0018235137057067696
2021-04-09,9508.285066400007,0.05910188624693202,,-0.0011583820262518474
2021-04-11,9506.935066400007,0.059235476315456115,,-0.0001419814394050256
2021-04-12,9516.276742800008,0.058311065063303746,,0.0009826170405873302
2021-04-13,9530.613369800007,0.05689237544601955,,0.0015065374187279712
2021-04-14,9520.606369800007,0.05788262419840484,,-0.0010499848867764339
2021-04-15,9547.913369800008,0.05518044345678519,,0.002868199664951998
2021-04-16,9535.677598800006,0.056391241594811015,,-0.0012815125699300323
2021-04-18,9533.749199200007,0.0565820675464449,,-0.00020222994957819207
2021-04-19,9538.063864200007,0.056155107255327574,,0.0004525674957300829
2021-04-20,9542.516460600005,0.05571449787889371,,0.0004668239239529193
2021-04-21,9559.146460600006,0.05406886614588979,,0.0017427268864207424
2021-04-22,9548.726460600006,0.05509998356368295,,-0.0010900554817261376
2021-04-23,9542.496460600007,0.05571647699101978,,-0.0006524430274241766
2021-04-25,9542.229290200006,0.055742914999940996,,-2.79979564156152e-05
2021-04-26,9547.031328600006,0.055267726378525395,,0.0005032407264549121
2021-04-27,9542.441328600005,0.05572193261150726,,-0.00048077772472054914
2021-04-28,9550.861328600005,0.05488872640634235,,0.0008823737773229201
2021-04-29,9561.161575600006,0.05386945921927211,,0.0010784626271513886
2021-04-30,9556.166962000007,0.05436370423636483,,-0.0005223856495372159
2021-05-02,9556.140188000005,0.05436635367376852,,-2.8017509644540084e-06
2021-05-03,9579.269391000005,0.05207758936734119,,0.0024203499053985222
2021-05-04,9565.389391000004,0.053451093182981135,,-0.001448962278171373
2021-05-05,9571.979391000004,0.052798975737371134,,0.0006889421570439591
2021-05-06,9542.162355400005,0.05574953857365861,,-0.003115033409707757
2021-05-07,9557.799429800005,0.054202162395427744,,0.0016387348923223577
2021-05-09,9563.336429800005,0.05365424520326645,,0.000579317450702721
2021-05-10,9563.079194800006,0.05367970004865663,,-2.6898039391154427e-05
2021-05-11,9563.716194800005,0.05361666532743459,,6.661034453681047e-05
2021-05-12,9545.419105200004,0.05542726492258643,,-0.001913177809474198
2021-05-13,9552.849105200004,0.05469202476767243,,0.0007783838423556233
2021-05-14,9570.589105200004,0.05293655231166006,,0.0018570376025663915
2021-05-16,9574.906105200005,0.05250936095920189,,0.00045106941198169714
2021-05-17,9596.776105200004,0.05034520184911229,,0.002284095505450612
2021-05-18,9595.252330200005,0.0504959879281236,,-0.00015877988433787849
2021-05-19,9590.618321200003,0.05095454909838382,,-0.00048294811230931156
2021-05-20,9582.162158200004,0.051791333835139675,,-0.0008817119727626554
2021-05-21,9588.737372600004,0.05114067950754242,,0.0006861931880763894
2021-05-23,9591.274372600004,0.05088962913432338,,0.0002645812374890699
2021-05-24,9585.187372600003,0.05149197190995758,,-0.0006346393360814329
2021-05-25,9606.027372600003,0.04942973707437137,,0.002174188066429661
2021-05-26,9603.917372600004,0.04963853340369406,,-0.00021965375676702426
2021-05-27,9605.747372600004,0.04945744464413926,,0.00019054724535849665
2021-05-28,9600.707783000003,0.04995614028858164,,-0.0005246431541990892
2021-05-30,9600.047115400002,0.05002151705151181,,-6.881446815520942e-05
2021-05-31,9604.297115400002,0.04960095572467682,,0.0004427061605960514
2021-06-01,9595.094115400003,0.050511644169585646,,-0.0009582169199288115
2021-06-02,9603.987115400003,0.049631631962634204,,0.000926827803150676
2021-06-03,9567.167115400003,0.05327517738711984,,-0.003833824385390816
2021-06-04,9587.007115400003,0.05131189815784776,,0.0020737591139246003
2021-06-06,9589.518835800001,0.051063349342774456,,0.0002619921284885418
2021-06-07,9598.6009962,0.05016461865375044,,0.0009470923990568814
2021-06-08,9603.514272600001,0.04967842240859954,,0.0005118742202061544
2021-06-09,9598.468617600001,0.05017771825837647,,-0.0005253967304860163
2021-06-10,9588.460898000001,0.051168038219216117,,-0.0010426371120961786
2021-06-11,9567.029265200003,0.053288818437241425,,-0.0022351483755300716
2021-06-13,9563.565265200003,0.0536316006575136,,-0.0003620768687935261
2021-06-14,9570.016548400003,0.05299321001695345,,0.0006745688476110789
2021-06-15,9560.710200800004,0.053914125286281256,,-0.0009724484333890615
2021-06-16,9521.613200800002,0.057782992626344454,,-0.004089340559316423
2021-06-17,9479.563200800003,0.06194407587185291,,-0.004416268452961947
2021-06-18,9492.827855200003,0.060631463953153775,,0.0013992896211589834
2021-06-20,9497.095067600003,0.06020919936284064,,0.00044951962313977134
2021-06-21,9511.295067600004,0.05880402975318011,,0.0014951940460663504
2021-06-22,9505.235067600002,0.05940370072744383,,-0.0006371372096997119
2021-06-23,9505.092580000002,0.05941780067429403,,-1.4990434112016615e-05
2021-06-24,9507.169580000002,0.05921226987997974,,0.00021851444186560265
2021-06-25,9512.604550400001,0.058674449088748415,,0.0005716707116945052
2021-06-27,9513.5045504,0.05858538904306576,,9.461131230992237e-05
2021-06-28,9509.684550400001,0.05896339945918572,,-0.00040153446921298297
2021-06-29,9493.024550400001,0.060611999860378796,,-0.0017518982792440463
2021-06-30,9499.804550400002,0.05994108084956906,,0.00071420862381677
2021-07-01,9507.094550400001,0.05921969447953923,,0.0007673842089406246
2021-07-02,9518.644550400002,0.0580767572266111,,0.0012148822059958597
2021-07-04,9517.774550400001,0.05816284860410448,,-9.139956801562654e-05
2021-07-05,9512.407328800002,0.05869396527175463,,-0.0005639156056469474
2021-07-06,9508.0973288,0.059120463934968615,,-0.0004530924560970373
2021-07-07,9515.638251200002,0.05837424738670882,,0.0007931053016421163
2021-07-08,9516.038251200001,0.05833466514418317,,4.203606625652334e-05
2021-07-09,9520.228251200002,0.05792004115372695,,0.00044030928516614054
2021-07-11,9518.7582512,0.05806550589500881,,-0.00015440806262345674
2021-07-12,9519.388251200002,0.05800316386303084,,6.618510349509776e-05
2021-07-13,9518.338251200003,0.05810706724966064,,-0.00011030120552835143
2021-07-14,9538.648251200002,0.05609727888542093,,0.0021337758192654377
2021-07-15,9541.798251200002,0.05578556872553153,,0.0003302354712160227
2021-07-16,9523.938251200001,0.05755291585430167,,-0.001871764580408608
2021-07-18,9518.222073000003,0.05811856373388202,,-0.0006001905985980605
2021-07-19,9513.648955400004,0.05857109935873572,,-0.0004804592249398887
2021-07-20,9511.918955400002,0.05874229255765928,,-0.00018184400203447026
2021-07-21,9504.718955400003,0.05945477292312085,,-0.0007569450532283195
2021-07-22,9509.308955400003,0.05900056669013898,,0.000482918013834821
2021-07-23,9503.968955400003,0.059528989627856355,,-0.0005615550010042991
2021-07-25,9502.468955400003,0.05967742303732759,,-0.00015782879837245023
2021-07-26,9499.888955400003,0.059932728501618016,,-0.0002715083850427513
2021-07-27,9502.078955400002,0.05971601572379015,,0.00023052901042119878
2021-07-28,9511.508955400002,0.05878286435624802,,0.000992414401549624
2021-07-29,9532.408955400002,0.056714692184283044,,0.0021973379931619075
2021-07-30,9515.668955400002,0.0583712090339813,,-0.0017561143335669271
2021-08-01,9516.085955400004,0.05832994454614826,,4.3822457670206205e-05
2021-08-02,9517.143192400004,0.058225325017795426,,0.00011109998427460965
2021-08-03,9515.183687400004,0.058419229023146,,-0.00020589214225186225
2021-08-04,9515.643687400003,0.058373709444241584,,4.8343785586490995e-05
2021-08-05,9507.530687400003,0.05917653627826802,,-0.0008525960267661281
2021-08-06,9466.693687400004,0.06321758637331754,,-0.004295226735804181
2021-08-08,9423.100687400003,0.06753135811936883,,-0.004604881222471824
2021-08-09,9435.520687400003,0.06630232948894754,,0.0013180374923307259
2021-08-10,9430.943687400004,0.06675524929904719,,-0.0004850818679367208
2021-08-11,9456.360687400003,0.06424009465336133,,0.0026950643374064054
2021-08-12,9454.917240400004,0.06438293182642862,,-0.00015264297203920751
2021-08-13,9429.027240400002,0.06694489247390112,,-0.0027382577067280867
2021-08-15,9429.467240400003,0.06690135200712288,,4.666441073752914e-05
2021-08-16,9437.741484800003,0.06608256913572974,,0.0008774880053190603
2021-08-17,9438.644013200003,0.06599325889069207,,9.56297013914309e-05
2021-08-18,9439.626803600002,0.0658960062707804,,0.00010412410920723758
2021-08-19,9431.166803600003,0.0667331707001978,,-0.0008962218714804182
2021-08-20,9432.696803600003,0.06658176862253706,,0.00016222807123034144
2021-08-22,9430.776803600002,0.06677176338666035,,-0.0002035473035949531
2021-08-23,9456.966803600002,0.06418011605729368,,0.0027770777047764206
2021-08-24,9453.946803600003,0.06447896198836212,,-0.00031934129226818264
2021-08-25,9443.793803600003,0.06548365825926938,,-0.001073943000835853
2021-08-26,9441.532496600003,0.06570742726451684,,-0.00023944900185546292
2021-08-27,9463.933815000002,0.06349069122000928,,0.0023726358414872806
2021-08-29,9466.143815000003,0.063271999330055,,0.00023351811658889332
2021-08-30,9458.123815000003,0.06406562329269427,,-0.000847229891784651
2021-08-31,9453.661745400002,0.0645071700953781,,-0.0004717711130958202
2021-09-01,9451.988863800003,0.06467271110839767,,-0.0001769559399366072
2021-09-02,9448.348863800004,0.0650329095153811,,-0.0003851041354840934
2021-09-03,9466.218863800004,0.06326457283054776,,0.0018913357516323615
2021-09-05,9466.418863800003,0.06324478170928505,,2.112775997220595e-05
2021-09-06,9462.378863800004,0.0636445623587939,,-0.0004267717347103961
2021-09-07,9489.814178200004,0.06092968418792355,,0.0028994098413199776
2021-09-08,9484.535060600005,0.061452082470835,,-0.0005562930422943202
2021-09-09,9488.551060600004,0.0610546767558775,,0.0004234261325768429
2021-09-10,9480.935060600004,0.06180832265356584,,-0.0008026515272310242
2021-09-12,9481.165060600004,0.06178556286411363,,2.425921056614655e-05
2021-09-13,9475.127607000004,0.06238300274569497,,-0.0006367839354562976
2021-09-14,9485.457020200003,0.061360849399620054,,0.0010901608535982543
2021-09-15,9476.807020200004,0.06221681539423707,,-0.0009119223229391293
2021-09-16,9435.617020200003,0.06629279681831557,,-0.004346400629684943
2021-09-17,9435.536266600004,0.06630078783976556,,-8.558380424572576e-06
2021-09-19,9434.763474200003,0.06637725998026256,,-8.190232946658771e-05
2021-09-20,9445.627474200004,0.06530220627326588,,0.0011514862062742548
2021-09-21,9455.573474200004,0.06431799381286574,,0.001052973984752903
2021-09-22,9463.198509400005,0.06356345383148321,,0.0008064064248249903
2021-09-23,9483.924509400003,0.06151249993501695,,0.002190168575604945
2021-09-24,9480.164509400005,0.061884573014757915,,-0.0003964603467975225
2021-09-26,9476.144209800004,0.06228240419924036,,-0.00042407487718321146
2021-09-27,9477.900209800004,0.06210863815455281,,0.00018530743740519107
2021-09-28,9461.941209800005,0.06368787067571968,,-0.0016838117775810346
2021-09-29,9468.111160800005,0.0630773194335863,,0.0006520808852215065
2021-09-30,9443.861160800005,0.06547699288670361,,-0.002561228907028479
2021-10-01,9450.650567200006,0.06480514305987861,,0.0007189227249742025
2021-10-03,9453.610567200005,0.06451223446518883,,0.0003132059511619101
2021-10-04,9448.360955600005,0.06503171296398047,,-0.0005553022903455052
2021-10-05,9457.087955600005,0.06416812738767719,,0.000923652265298891
2021-10-06,9461.316100000004,0.06374972879499163,,0.00044708735076270933
2021-10-07,9452.436100000004,0.06462845457906097,,-0.0009385586430199488
2021-10-08,9454.016100000004,0.06447210472108467,,0.00016715267718137028
2021-10-10,9451.286100000005,0.06474225352632212,,-0.00028876616785111775
2021-10-11,9450.606100000005,0.06480954333861577,,-7.194788019382337e-05
2021-10-12,9457.706100000005,0.06410695853378556,,0.0007512745664006726
2021-10-13,9489.046100000005,0.06100568983190113,,0.003313699925608926
2021-10-14,9492.696100000005,0.06064450186885462,,0.0003846540486298622
2021-10-15,9464.066100000004,0.06347760087762788,,-0.003016003008881829
2021-10-17,9459.326785400004,0.06394658262738417,,-0.0005007693891739828
2021-10-18,9466.316785400004,0.06325488293924852,,0.0007389532213633032
2021-10-19,9470.676008400005,0.06282351338422498,,0.0004604983225076076
2021-10-20,9483.446008400006,0.06155985029159361,,0.0013483725964940074
2021-10-21,9486.642008400006,0.0612435881738137,,0.00033700829816174505
2021-10-22,9479.061111600005,0.06199376041306248,,-0.0007991127728111946
2021-10-24,9476.381111600005,0.06225896143798437,,-0.00028272842304188917
2021-10-25,9489.352236000006,0.0609753959584064,,0.0013687845863568082
2021-10-26,9475.042236000005,0.062391450684761596,,-0.0015080059886187769
2021-10-27,9478.092236000006,0.06208963608550344,,0.00032189830124584873
2021-10-28,9474.706938400006,0.06242463026206513,,-0.00035717078033292715
2021-10-29,9457.851041600006,0.06409261574987724,,-0.0017790414953822165
2021-10-31,9454.821041600006,0.0643924512370091,,-0.00032036875889385197
2021-11-01,9466.841041600006,0.06320300484911334,,0.0012713090969267427
2021-11-02,9461.901041600006,0.06369184554430518,,-0.000521821374024678
2021-11-03,9452.027041600006,0.06466893320105072,,-0.0010435535054306166
2021-11-04,9437.621608800006,0.066094431537992,,-0.001524057510267296
2021-11-05,9463.617364000005,0.06352200582058265,,0.002754481613859161
2021-11-07,9461.742364000005,0.0637075475824217,,-0.0001981271989220934
2021-11-08,9470.537364000005,0.06283723302488897,,0.0009295328134766301
2021-11-09,9464.897459400005,0.06339533320413582,,-0.0005955210758620266
2021-11-10,9483.162496800005,0.06158790535386882,,0.0019297660094417246
2021-11-11,9496.916496800004,0.06022686994462456,,0.0014503600465183286
2021-11-12,9499.166496800004,0.060004219830417815,,0.00023691900426392465
2021-11-14,9507.634624000006,0.05916625116899654,,0.0008914600247142968
2021-11-15,9504.061534400005,0.059519828416779275,,-0.0003758126748982793
2021-11-16,9492.011534400006,0.0607122434728643,,-0.001267878996404237
2021-11-17,9508.181534400006,0.05911213131876503,,0.0017035377529197593
2021-11-18,9501.251534400006,0.05979789367052191,,-0.0007288459917311751
2021-11-19,9486.978534400005,0.06121028703944331,,-0.001502223149058235
2021-11-21,9489.624227600005,0.06094848086471616,,0.0002788762713445969
2021-11-22,9453.285250000004,0.06454442642595937,,-0.0038293378882496842
2021-11-23,9435.075250000005,0.06634640801693925,,-0.0019263144524279685
2021-11-24,9433.885250000005,0.0664641651884531,,-0.00012612512019982702
2021-11-25,9436.885250000005,0.06616729836951074,,0.00031800259601411085
2021-11-26,9437.022250000005,0.0661537414514457,,1.4517501948141387e-05
2021-11-28,9428.964211000004,0.0669511295863936,,-0.0008538751723300431
2021-11-29,9437.704211000004,0.06608625758720832,,0.000926931082186444
2021-11-30,9423.759874000003,0.06746612790969175,,-0.001477513671571562
2021-12-01,9432.306874000004,0.06662035434252489,,0.0009069628380049544
2021-12-02,9419.546874000003,0.06788302787909306,,-0.0013527973771901847
2021-12-03,9433.449874000004,0.06650724808450792,,0.0014759733335343306
2021-12-05,9436.240003000004,0.06623114917761819,,0.00029576973824707586
2021-12-06,9433.947449400004,0.0664580102091138,,-0.0002429520231862492
2021-12-07,9429.818284400004,0.06686661423525986,,-0.00043769217733591326
2021-12-08,9428.158358800005,0.06703087317944412,,-0.0001760294366165427
2021-12-09,9421.021358800004,0.06773711934170801,,-0.0007569877094119049
2021-12-10,9427.091358800006,0.0671364588113812,,0.0006443038147165847
2021-12-12,9427.901358800005,0.0670563047702668,,8.592257878592413e-05
2021-12-13,9430.471358800005,0.06680198886203959,,0.0002725951303681473
2021-12-14,9417.161358800005,0.06811908798208033,,-0.001411382262200389
2021-12-15,9424.148358800005,0.0674276851607637,,0.0007419433238733397
2021-12-16,9443.451358800005,0.06551754509208241,,0.002048248739842329
2021-12-17,9442.511358800006,0.06561056336201754,,-9.953987840716216e-05
2021-12-19,9444.751358800006,0.06538890280387388,,0.00023722502572498527
2021-12-20,9453.144337200005,0.06455837053752067,,0.0008886394232261452
2021-12-21,9451.726034200005,0.06469871957082285,,-0.00015003505176780507
2021-12-22,9464.839034200006,0.06340111470522569,,0.0013873656465024364
2021-12-23,9469.626034200004,0.06292741421780024,,0.0005057666572776398
2021-12-26,9468.449034200004,0.06304388496643187,,-0.0001242921310460332
2021-12-27,9462.991598600005,0.06358392881515007,,-0.0005763811560147714
2021-12-28,9456.803145800006,0.06419631091412026,,-0.0006539636789822945
2021-12-29,9454.860145800005,0.06438858165718875,,-0.00020546055258263696
2021-12-30,9465.963145800006,0.06328987756028304,,0.0011743166825088913
2021-12-31,9479.433145800005,0.061956945543231945,,0.001422993074505774
2022-01-02,9478.729145800005,0.062026610290077056,,-7.426604409477289e-05
2022-01-03,9454.403145800006,0.06443380436927415,,-0.0025663777945145183
2022-01-04,9444.274341000006,0.06543610638949549,,-0.0010713320178756813
2022-01-05,9440.247578000006,0.06583457716364371,,-0.0004263708205212158
2022-01-06,9421.347578000006,0.06770483812298056,,-0.0020020661369141157
2022-01-07,9425.877578000005,0.06725656922637768,,0.0004808229356252358
2022-01-09,9422.572787000006,0.067583596823524,,-0.000350608309162892
2022-01-10,9428.253777400007,0.06702143097402724,,0.0006029128698095132
2022-01-11,9447.753777400007,0.06509179665090203,,0.002068251498145157
2022-01-12,9452.333777400007,0.06463857997398337,,0.0004847713126219233
2022-01-13,9447.893777400006,0.06507794286601809,,-0.00046972526622113264
2022-01-14,9450.839631800007,0.06478643405775297,,0.00031180011856690726
2022-01-16,9450.074223000007,0.06486217554963503,,-8.09884443943032e-05
2022-01-17,9452.744223000007,0.06459796408077634,,0.0002825374634096711
2022-01-18,9447.964223000006,0.06507097187895794,,-0.0005056732613551995
2022-01-19,9472.220223000008,0.0626707046922026,,0.00256732555580097
2022-01-20,9472.614223000006,0.06263171618331498,,4.159531669678529e-05
2022-01-21,9468.134223000006,0.06307503729960218,,-0.00047294230447192387
2022-01-23,9467.889318200007,0.06309927200257537,,-2.5866215479397603e-05
2022-01-24,9476.482400600007,0.06224893832357614,,0.000907602751912373
2022-01-25,9482.342400600006,0.06166905847057558,,0.0006183729101452151
2022-01-26,9454.772400600006,0.06439726453665573,,-0.0029075094354592546
2022-01-27,9430.102400600006,0.06683849934442498,,-0.0026092642905327645
2022-01-28,9435.872969000005,0.06626746924962601,,0.000611930619081269
2022-01-30,9432.094583400005,0.06664136168756252,,-0.0004004277730755845
2022-01-31,9440.434583400005,0.06581607193090278,,0.0008842150517318625
2022-02-01,9443.264583400005,0.06553602756503385,,0.00029977433506878093
2022-02-02,9435.727467800005,0.06628186740909148,,-0.0007981472438302051
2022-02-03,9437.874467800006,0.06606940972233499,,0.0002275394247372997
2022-02-04,9439.463346200006,0.06591218129690357,,0.00016835129619718892
2022-02-06,9441.839346200006,0.06567706277630125,,0.000251709224651675
2022-02-07,9453.783346200005,0.0644951370144855,,0.00126500775559224
2022-02-08,9457.743346200006,0.0641032728134815,,0.000418879918756776
2022-02-09,9464.413346200006,0.06344323891936632,,0.0007052422291284888
2022-02-10,9469.866842600006,0.06290358487657255,,0.0005762107169788866
2022-02-11,9500.691501000005,0.059853312115175084,,0.0032550255365086933
2022-02-13,9502.197501000006,0.059704284972065924,,0.00015851477756578802
2022-02-14,9513.741501000006,0.05856194145277582,,0.0012148768744055793
2022-02-15,9531.427315400006,0.05681183096566489,,0.001858975714038591
2022-02-16,9547.996745800006,0.05517219293415332,,0.0017383997015043562
2022-02-17,9578.086745800007,0.052194618740161514,,0.003151446402957392
2022-02-18,9575.976745800006,0.052403415069484316,,-0.0002202945176839055
2022-02-20,9582.966745800006,0.051711715381348666,,0.0007299516472891732
2022-02-21,9577.895794200005,0.05221351447151634,,-0.0005291630175199291
2022-02-22,9566.273910600006,0.053363565009666214,,-0.0012134067701004003
2022-02-23,9578.748910600007,0.05212909382089759,,0.0013040605063772137
2022-02-24,9574.523910600006,0.05254718125757485,,-0.0004410805669333717
2022-02-25,9556.653910600005,0.05431551794240819,,-0.0018664113398073612
2022-02-27,9578.163910600006,0.052186982850591535,,0.0022507877967770096
2022-02-28,9574.303910600007,0.052568951490963856,,-0.0004029999941561613
2022-03-01,9610.313910600005,0.049005560107592716,,0.0037611089366120787
2022-03-02,9623.445473000005,0.04770611838844907,,0.0013664030667630556
2022-03-03,9629.198739400006,0.047136800423550285,,0.0005978385201166336
2022-03-04,9593.770778000006,0.05064259582436048,,-0.0036792221615532528
2022-03-06,9602.887883600006,0.049740407111882656,,0.0009503151379128827
2022-03-07,9612.887883600006,0.04875085104874144,,0.0010413534054769524
2022-03-08,9567.588148000006,0.053233513850908576,,-0.004712396123675022
2022-03-09,9621.508148000006,0.0478978275584514,,0.005635694091961074
2022-03-10,9626.550202400005,0.04739888800823078,,0.0005240399241408511
2022-03-11,9633.071168800005,0.04675360182436483,,0.0006773939015425334
2022-03-13,9625.546220400007,0.047498237655769104,,-0.00078115777078136
2022-03-14,9603.496220400006,0.04968020877499546,,-0.002290779088803263
2022-03-15,9569.291220400006,0.053064985288969746,,-0.0035617236905181038
2022-03-16,9559.814654600006,0.05400274460348442,,-0.0009903101057053831
2022-03-17,9576.329277000006,0.05236853013084364,,0.0017275044544984297
2022-03-18,9553.749277000006,0.054602947721416384,,-0.002357897201199166
2022-03-20,9555.945005400006,0.054385668086293304,,0.000229828974608548
2022-03-21,9539.395005400005,0.056023383370792046,,-0.0017319061579622597
2022-03-22,9523.062907800006,0.05763953599118132,,-0.0017120684897474758
2022-03-23,9549.487907800005,0.05502463409433089,,0.002774842532895061
2022-03-24,9535.813724000007,0.056377771243110275,,-0.0014319284899904083
2022-03-25,9533.954893000007,0.05656171299175072,,-0.00019493155527161576
2022-03-27,9532.748499400008,0.05668109240189212,,-0.00012653653321614833
2022-03-28,9565.893499400008,0.053401208830610725,,0.003476961550185287
2022-03-29,9557.818711800008,0.054200254333426456,,-0.000844122674009129
2022-03-30,9575.508711800008,0.05244972965772976,,0.001850840713076174
2022-03-31,9578.225711800007,0.05218086727537441,,0.000283744716001344
2022-04-01,9566.328711800008,0.053358142123693386,,-0.0012420880816519375
2022-04-03,9564.163954200008,0.05357235702452445,,-0.00022628927619117167
2022-04-04,9557.313954200008,0.05425020292777616,,-0.0007162152418970225
2022-04-05,9546.017668600009,0.05536803371842147,,-0.001181951922279878
2022-04-06,9549.131668600008,0.05505988596035938,,0.0003262093270832711
2022-04-07,9539.62293300001,0.056000828656937895,,-0.0009957696605300548
2022-04-08,9553.46635740001,0.05463094420197223,,0.0014511500608804795
2022-04-10,9550.906357400008,0.05488427055413647,,-0.0002679655639357126
2022-04-11,9558.96635740001,0.05408668836724462,,0.000843898966065737
2022-04-12,9545.45582980001,0.055423630817526104,,-0.0014133879223814372
2022-04-13,9556.37867940001,0.05434275361268026,,0.0011442983755578506
2022-04-14,9552.53467940001,0.05472313896335168,,-0.0004022444200840747
2022-04-17,9565.93867940001,0.05339673801631739,,0.0014031877873110776
2022-04-18,9556.374679400009,0.05434314943510565,,-0.0009997973351634215
2022-04-19,9528.93467940001,0.05705849127236484,,-0.0028713817656342844
2022-04-20,9535.97867940001,0.05636144798148823,,0.0007392221939801491
2022-04-21,9530.16467940001,0.05693677587659851,,-0.0006096909604632605
2022-04-22,9510.02467940001,0.05892974178776478,,-0.0021132898200104666
2022-04-24,9511.82467940001,0.05875162169639936,,0.0001892739567646018
2022-04-25,9544.808165800008,0.05548772080133413,,0.0034676297673390533
2022-04-26,9551.643316200008,0.05481134434925394,,0.0007161118674434697
2022-04-27,9572.212024600009,0.05277595533843371,,0.00215342090560644
2022-04-28,9581.789926000007,0.051828168298180044,,0.0010005943637043657
2022-04-29,9581.070842400006,0.05189932565180866,,-7.504689682769072e-05
2022-05-01,9582.287715400007,0.05177890924628625,,0.00012700803699483565
2022-05-02,9615.928291800006,0.048449985611867974,,0.0035107040614041907
2022-05-03,9620.735672200006,0.0479742683696035,,0.0004999392938587199
2022-05-04,9594.826016600005,0.05053817404889138,,-0.0026931054425358703
2022-05-05,9574.711253800006,0.052528642597630015,,-0.002096417669814943
2022-05-06,9583.781253800005,0.05163111524836106,,0.0009472870522753141
2022-05-08,9585.264640200006,0.05148432584775087,,0.00015478091170040287
2022-05-09,9558.345416600005,0.054148133940594256,,-0.002808396492998688
2022-05-10,9537.243416600006,0.05623629514503459,,-0.0022077042710081374
2022-05-11,9557.743416600006,0.05420770521559526,,0.0021494680490505846
2022-05-12,9525.028416600006,0.05744503787616162,,-0.0034228790807651066
2022-05-13,9514.458416600006,0.0584909986349017,,-0.0011097079754196493
2022-05-15,9509.636487000005,0.0589681556020738,,-0.0005068002180331765
2022-05-16,9522.509877400005,0.05769426144972345,,0.0013537205567846211
2022-05-17,9510.683877400006,0.05886451044999408,,-0.001241899473169994
2022-05-18,9512.193877400006,0.05871508748445975,,0.00015876881404808252
2022-05-19,9485.844687800007,0.061322487517213364,,-0.0027700433716560946
2022-05-20,9489.212293200006,0.06098924408302975,,0.0003550137611181281
2022-05-22,9489.692293200007,0.060941745391998814,,5.058375607691623e-05
2022-05-23,9481.783049600008,0.061724409387922785,,-0.0008334562760972108
2022-05-24,9494.979296000009,0.060418566824340214,,0.001391747346566552
2022-05-25,9481.542296000007,0.06174823330638324,,-0.0014151689625760966
2022-05-26,9480.262296000008,0.061874896482465136,,-0.00013499913411119113
2022-05-27,9479.721766400009,0.06192838491676378,,-5.701631274768193e-05
2022-05-29,9476.866258800008,0.06221095340265648,,-0.0003012227226038
2022-05-30,9479.471258800007,0.061953174048208215,,0.00027487989477337216
2022-05-31,9463.441258800009,0.06353943241742344,,-0.0016910225857922345
2022-06-01,9472.977258800009,0.06259579175561203,,0.0010076672680916499
2022-06-02,9496.831258800008,0.060235304722595084,,0.0025181101303541897
2022-06-03,9477.451258800009,0.06215306437296264,,-0.002040680672518169
2022-06-05,9478.571258800008,0.06204223409389087,,0.00011817523186508083
2022-06-06,9490.390965200007,0.0608726078806241,,0.0012469924081677242
2022-06-07,9504.233111600008,0.05950284989092336,,0.0014585433256393276
2022-06-08,9503.418111600007,0.059583498710069405,,-8.575126371912489e-05
2022-06-09,9497.569111600009,0.0601622900514005,,-0.0006154627662713352
2022-06-10,9472.963752000007,0.0625971283291955,,-0.0025907007688893424
2022-06-12,9470.633764400007,0.06282769366485796,,-0.00024596184056002723
2022-06-13,9414.628764400008,0.06836970239647988,,-0.005913542999679833
2022-06-14,9424.279597800009,0.06741469832594627,,0.0010250891077612234
2022-06-15,9401.344597800007,0.06968424515676064,,-0.002433607764073087
2022-06-16,9417.903856200008,0.0680456137016765,,0.001761371283409252
2022-06-17,9406.047856200006,0.06921883137013685,,-0.0012588788525587091
2022-06-19,9403.480366600008,0.0694728988602098,,-0.00027296157102851826
2022-06-20,9402.810366600008,0.06953919911644024,,-7.12502152266925e-05
2022-06-21,9394.883579400008,0.07032359914993924,,-0.0008430231910405706
2022-06-22,9399.986579400007,0.06981862869091837,,0.0005431679867953232
2022-06-23,9388.006579400007,0.07100411685456154,,-0.0012744699046968178
2022-06-24,9389.416579400007,0.07086458944965857,,0.0001501916288697558
2022-06-26,9394.486579400007,0.0703628845256461,,0.0005399696516952268
2022-06-27,9387.001579400008,0.0711035672389071,,-0.0007967439132237075
2022-06-28,9381.856579400008,0.0716126938333933,,-0.0005480983417848195
2022-06-29,9382.321579400008,0.07156667947645723,,4.9563750635472914e-05
2022-06-30,9369.986579400007,0.07278729688034191,,-0.0013147065889410614
2022-07-01,9374.156579400007,0.07237465200201199,,0.0004450379906806301
2022-07-03,9371.482579400008,0.07263925929329584,,-0.00028525232935361355
2022-07-04,9372.666579400007,0.07252209585542002,,0.00012634073530715106
2022-07-05,9332.922579400009,0.07645498747276813,,-0.004240415431756794
2022-07-06,9303.376579400008,0.07937872981692506,,-0.003165782181158927
2022-07-07,9301.250612600008,0.07958910615062276,,-0.00022851561278380839
2022-07-08,9300.892265000008,0.07962456665465201,,-3.852681912630551e-05
2022-07-10,9300.882265000007,0.07962555621071521,,-1.0751656631668993e-06
2022-07-11,9309.257899400007,0.07879674023039784,,0.0009005204196077532
2022-07-12,9317.143899400007,0.07801637631900471,,0.000847113710375158
2022-07-13,9310.447899400007,0.07867898305888399,,-0.0007186751725956064
2022-07-14,9289.691516600007,0.08073294350374594,,-0.0022293645831300557
2022-07-15,9285.985516600007,0.08109967298074605,,-0.0003989368208167088
2022-07-17,9282.148069000008,0.0814794099347026,,-0.00041325151683024863
2022-07-18,9279.848041400008,0.08170701056039986,,-0.0002477904449382784
2022-07-19,9281.592041400008,0.08153443198298793,,0.00018793411187556508
2022-07-20,9267.012041400008,0.0829772047230477,,-0.0015708512004154462
2022-07-21,9289.740041400008,0.08072814170274056,,0.002452570461596748
2022-07-22,9298.322041400008,0.07987890468935277,,0.000923814871218509
2022-07-24,9296.302041400008,0.08007879501410742,,-0.0002172434973758408
2022-07-25,9301.637125800009,0.07955085850256827,,0.0005738931863705776
2022-07-26,9302.70112580001,0.07944556973744998,,0.0001143884657732741
2022-07-27,9323.183564200008,0.07741871762678665,,0.002201773240160687
2022-07-28,9339.293564200008,0.07582454280906614,,0.0017279505320328958
2022-07-29,9350.25356420001,0.07473998936386339,,0.0011735362985070275
2022-07-31,9351.742602400009,0.0745926406859575,,0.00015925110370273998
2022-08-01,9341.662602400009,0.07559011319760378,,-0.001077873977991306
2022-08-02,9325.798170800008,0.07715998764541077,,-0.0016982449779255893
2022-08-03,9332.765170800008,0.0764705639362202,,0.0007470674222624929
2022-08-04,9362.41417080001,0.0735366291646129,,0.00317687196210259
2022-08-05,9343.86817080001,0.07537185983931449,,-0.0019808993344732073
2022-08-07,9343.588170800009,0.07539956740908249,,-2.9966176200546535e-05
2022-08-08,9328.617285200009,0.07688102047068979,,-0.0016022629985753545
2022-08-09,9333.173476400008,0.07643015980801082,,0.0004884101320383749
2022-08-10,9330.733476400008,0.0766716114874173,,-0.0002614330491306216
2022-08-11,9328.033476400009,0.07693879162446526,,-0.000289366319038864
2022-08-12,9314.697713600008,0.07825844011800065,,-0.0014296435399531182
2022-08-14,9310.514252000008,0.07867241709712036,,-0.0004491247841453827
2022-08-15,9289.883252000007,0.08071397021098703,,-0.0022158818988510243
2022-08-16,9292.603557200007,0.08044478076056161,,0.00029282447649858767
2022-08-17,9281.605457600008,0.08153310437478256,,-0.0011835326377910294
2022-08-18,9275.118457600007,0.0821750293929423,,-0.0006989092597864399
2022-08-19,9263.238457600008,0.083350621995954,,-0.0012808461750981603
2022-08-21,9262.278457600007,0.08344561937801565,,-0.00010363546230562903
2022-08-22,9251.824457600007,0.08448010128642336,,-0.0011286639726774128
2022-08-23,9262.608457600007,0.08341296402793197,,0.0011656079348911774
2022-08-24,9267.648457600008,0.08291422777210866,,0.0005441231833420712
2022-08-25,9272.995457600007,0.08238511214514721,,0.0005769532610631067
2022-08-26,9291.561206600007,0.08054792719617654,,0.0020021307122266574
2022-08-28,9291.069993000006,0.08059653553579427,,-5.2866637702542185e-05
2022-08-29,9286.049060200006,0.08109338498528074,,-0.0005404041519203595
2022-08-30,9269.451180600008,0.08273583822462727,,-0.0017873995164571221
2022-08-31,9255.071180600007,0.08415881984342433,,-0.001551332405752004
2022-09-01,9266.481421800008,0.08302971250728797,,0.0012328636892515732
2022-09-02,9280.370015000008,0.08165535834633186,,0.0014987990120312045
2022-09-04,9277.087015000006,0.08198022960186124,,-0.00035375744659915664
2022-09-05,9283.020015000007,0.08139312598959947,,0.0006395326453667582
2022-09-06,9293.231229400008,0.08038266907744407,,0.001099988407167185
2022-09-07,9305.976547800008,0.07912144836750556,,0.0013714625285206061
2022-09-08,9300.006547800009,0.07971221333720069,,-0.0006415232156813389
2022-09-09,9305.386547800008,0.07917983217523084,,0.0005784942163584716
2022-09-11,9304.88613620001,0.07922935070851533,,-5.3776551616424584e-05
2022-09-12,9311.36246920001,0.0785884812498081,,0.0006960142128773494
2022-09-13,9288.27146920001,0.08087346515520744,,-0.002479873388709808
2022-09-14,9283.59146920001,0.08133657739275746,,-0.0005038612421610633
2022-09-15,9318.32098840001,0.07789989676332376,,0.0037409572917141976
2022-09-16,9329.53151740001,0.07679055206902674,,0.0012030631928172664
2022-09-18,9333.48151740001,0.07639967742408593,,0.00042338674698005896
2022-09-19,9331.26851740001,0.07661866618085911,,-0.0002371033783989951
2022-09-20,9340.24739440001,0.07573015596330424,,0.000962235411322343
2022-09-21,9339.59039440001,0.07579516979665268,,-7.034074926060008e-05
2022-09-22,9333.92339440001,0.07635595121763472,,-0.0006067717919832072
2022-09-23,9304.58187340001,0.07925945921836819,,-0.003143535655928398
2022-09-25,9304.90887340001,0.0792271007351033,,3.514397577997208e-05
2022-09-26,9321.017086400008,0.07763310275105162,,0.0017311521498126758
2022-09-27,9321.927587400009,0.07754300357254695,,9.768258029785315e-05
2022-09-28,9349.304587400009,0.07483389593848544,,0.0029368389470225686
2022-09-29,9357.66458740001,0.0740066270696993,,0.0008941841526124428
2022-09-30,9353.187587400009,0.0744496513191677,,-0.00047843133916436464
2022-10-02,9353.18814780001,0.07444959586444577,,5.991540286132135e-08
2022-10-03,9316.35514780001,0.07809442771181363,,-0.003938015510643211
2022-10-04,9340.52096420001,0.07570308469787601,,0.0025939131792014347
2022-10-05,9333.34496420001,0.07641319012878611,,-0.0007682654990555093
2022-10-06,9339.45631140001,0.07580843806121407,,0.000654786384028494
2022-10-07,9356.82331140001,0.07408987604635675,,0.001859530086221639
2022-10-09,9356.58221860001,0.07411373353055883,,-2.5766522673054126e-05
2022-10-10,9330.01221860001,0.07674298399032486,,-0.0028397121277020654
2022-10-11,9323.96921860001,0.07734097271928098,,-0.000647694757350159
2022-10-12,9313.15342760001,0.07841125587545283,,-0.00115999857425797
2022-10-13,9301.75754320001,0.07953894252574034,,-0.0012236332718654763
2022-10-14,9282.030543200011,0.08149103977149885,,-0.0021207820036569514
2022-10-16,9278.821729600011,0.08180856986683582,,-0.00034570168510716925
2022-10-17,9281.76826060001,0.08151699410520752,,0.00031755443588266097
2022-10-18,9283.398260600012,0.08135569646691543,,0.00017561308947144916
2022-10-19,9258.218260600011,0.08384739863390489,,-0.0027123688215411335
2022-10-20,9257.86087920001,0.08388276352702739,,-3.860153108747877e-05
2022-10-21,9227.390879200011,0.08689794085141844,,-0.003291257062250419
2022-10-23,9230.28935760001,0.08661112016395822,,0.00031411678966941636
2022-10-24,9220.72935760001,0.08755713576032109,,-0.0010357205099023048
2022-10-25,9219.40703820001,0.08768798667828903,,-0.0001434072456437674
2022-10-26,9204.64703820001,0.08914857142748545,,-0.0016009706414786828
2022-10-27,9198.82558080001,0.08972463727413416,,-0.0006324476512613586
2022-10-28,9181.595580800009,0.09142964237092654,,-0.0018730651917092667
2022-10-30,9180.196901200008,0.09156804955878373,,-0.00015233513474777194
2022-10-31,9168.708223600008,0.09270491861643915,,-0.0012514630920932301
2022-11-01,9183.148223600008,0.09127599966126332,,0.0015749219680514237
2022-11-02,9170.038223600008,0.09257330766004146,,-0.001427614983531389
2022-11-03,9166.048223600008,0.09296814052923474,,-0.000435112690122863
2022-11-04,9114.280294200007,0.09809086737063821,,-0.005647791516818823
2022-11-06,9118.966428800008,0.0976271480800256,,0.0005141530048162757
2022-11-07,9120.357428800007,0.09748950083164265,,0.00015253921712066187
2022-11-08,9082.471655400008,0.1012385105091188,,-0.004153979018449938
2022-11-09,9077.148385800008,0.10176527787996026,,-0.0005861036292730271
2022-11-10,9122.878385800008,0.09724003800321579,,0.005037925795235321
2022-11-11,9103.145996400008,0.09919266856031905,,-0.0021629565325252953
2022-11-13,9105.504813000009,0.0989592504334822,,0.00025912103364422734
2022-11-14,9099.10215340001,0.09959282949622295,,-0.0007031636061360924
2022-11-15,9109.89827380001,0.09852449285620068,,0.0011865039229135288
2022-11-16,9102.98827380001,0.09920827609583116,,-0.0007585156049297881
2022-11-17,9089.22827380001,0.10056990523871345,,-0.0015115915330358165
2022-11-18,9079.64827380001,0.10151789994720273,,-0.0010539948729877402
2022-11-20,9081.40727380001,0.10134383703569616,,0.00019372997135524983
2022-11-21,9067.60827380001,0.10270932544722478,,-0.0015194781583919292
2022-11-22,9070.24827380001,0.10244808264655536,,0.0002911462339665327
2022-11-23,9058.59808440001,0.10360093420230676,,-0.0012844399677187646
2022-11-24,9061.458665000011,0.10331786371462326,,0.00031578623682704254
2022-11-25,9060.66866500001,0.10339603864361147,,-8.718243157168626e-05
2022-11-27,9066.75750760001,0.1027935135323772,,0.0006720080851780885
2022-11-28,9056.838368200011,0.10377506798581837,,-0.0010940117667957994
2022-11-29,9064.455368200011,0.10302132313252377,,0.000841021964877342
2022-11-30,9088.97836820001,0.10059463479888275,,0.0027054024763617512
2022-12-01,9117.828368200011,0.09773976555672048,,0.003174174129508156
2022-12-02,9112.97836820001,0.09821970024734394,,-0.0005319249062546438
2022-12-04,9108.457180800011,0.09866709708777066,,-0.0004961262078462259
2022-12-05,9138.08818080001,0.09573494351707712,,0.0032531305150622636
2022-12-06,9139.41535340001,0.0956036123477606,,0.00014523525859466702
2022-12-07,9155.48535340001,0.0940133957542928,,0.0017583181613494148
2022-12-08,9157.695353400011,0.09379470386433852,,0.00024138534601880757
2022-12-09,9164.01435340001,0.0931694033880397,,0.0006900207700897276
2022-12-11,9164.78421600001,0.09309322116767826,,8.400931843932646e-05
2022-12-12,9177.71721600001,0.09181342831121775,,0.0014111625211450374
2022-12-13,9205.080839000011,0.08910564440630175,,0.0029815282336544957
2022-12-14,9203.080839000011,0.08930355561893,,-0.00021727131298254765
2022-12-15,9171.98083900001,0.09238107497529902,,-0.003379303142509338
2022-12-16,9155.46254800001,0.09401565247647703,,-0.0018009513201078242
2022-12-18,9157.09554800001,0.09385405797136614,,0.0001783634624070718
2022-12-19,9152.97736300001,0.09426157546495473,,-0.0004497261144008613
2022-12-20,9182.987363000011,0.0912919177194681,,0.003278714543893946
2022-12-21,9184.913936000012,0.09110127252014466,,0.00020979806721310723
2022-12-22,9163.16097100001,0.09325385036084954,,-0.002368336290527573
2022-12-23,9158.05928400001,0.0937586908911594,,-0.0005567605999879932
2022-12-26,9157.488274600011,0.09381519547254735,,-6.235048084879402e-05
2022-12-27,9168.138274600013,0.09276131826530187,,0.001162982652081812
2022-12-28,9161.498274600011,0.09341838349122766,,-0.0007242473663815474
2022-12-29,9170.698274600012,0.09250799191313774,,0.0010042025577308156
2022-12-30,9161.787293600013,0.09338978344084625,,-0.000971679662025271
2023-01-02,9160.505926200014,0.09351658192882428,,-0.00013985998134824484
2023-01-03,9167.558926200014,0.09281864803749085,,0.0007699356407626645
2023-01-04,9185.858926200013,0.09100776044194259,,0.001996169334423259
2023-01-05,9163.935926200013,0.093177164199167,,-0.0023866031664683263
2023-01-06,9196.808926200014,0.08992419655280293,,0.00358721408189
2023-01-08,9196.326418800012,0.08997194336512115,,-5.24646541940621e-05
2023-01-09,9196.762499800012,0.08992879070536408,,4.741904322891344e-05
2023-01-10,9189.618418800012,0.09063573757227628,,-0.0007768039024771412
2023-01-11,9189.002993800012,0.09069663732629218,,-6.696959241969669e-05
2023-01-12,9210.112993800012,0.08860768447700118,,0.002297311255012424
2023-01-13,9231.555993800011,0.0864857794108076,,0.002328201620809045
2023-01-15,9229.002993800012,0.08673841307372754,,-0.00027655142878557637
2023-01-16,9227.659620800012,0.08687134736344848,,-0.00014555992677667273
2023-01-17,9236.946620800012,0.08595234664760931,,0.0010064307074209022
2023-01-18,9234.801909200012,0.08616457788435616,,-0.00023218837220195798
2023-01-19,9259.581909200013,0.08371245795989235,,0.0026833277252340526
2023-01-20,9253.304909200013,0.08433360230072606,,-0.0006778923780309531
2023-01-22,9255.171909200013,0.08414885218373758,,0.00020176574946151327
2023-01-23,9250.746474200012,0.08458677378736634,,-0.00047815805513040655
2023-01-24,9256.040227200012,0.0840629272495742,,0.0005722514409798318
2023-01-25,9267.290227200012,0.08294967667854047,,0.0012154225482881031
2023-01-26,9249.770227200012,0.08468337890116373,,-0.0018905202675727484
2023-01-27,9246.713227200013,0.08498588618966596,,-0.0003304946960747124
2023-01-29,9244.070805600011,0.08524736862123161,,-0.0002857687412894938
2023-01-30,9236.775028600012,0.0859693266577991,,-0.0007892385458124762
2023-01-31,9241.988028600012,0.08545347108208368,,0.0005643744687793273
2023-02-01,9267.775028600012,0.08290170286206144,,0.002790200541290533
2023-02-02,9229.815028600011,0.08665805767774548,,-0.00409591297618439
2023-02-03,9179.33802860001,0.09165303981766315,,-0.005468906997983192
2023-02-05,9178.008127000012,0.09178464103682904,,-0.00014487990265255046
2023-02-06,9180.69504600001,0.09151875533806741,,0.00029275622366187193
2023-02-07,9185.11504600001,0.09108137155815899,,0.00048144502979940995
2023-02-08,9187.105046000011,0.09088444990159372,,0.00021665488020938817
2023-02-09,9199.280075000011,0.08967966252500681,,0.0013252301937378697
2023-02-10,9196.887075000011,0.08991646329091652,,-0.0002601290514573362
2023-02-12,9195.976291600013,0.09000659041448422,,-9.903170415936913e-05
2023-02-13,9187.733291600012,0.09082228147733151,,-0.0008963702970319343
2023-02-14,9188.203291600013,0.09077577234236367,,5.115516363884964e-05
2023-02-15,9169.713291600012,0.09260546150311189,,-0.0020123629629423823
2023-02-16,9167.633291600012,0.09281128916424519,,-0.0002268337006682275
2023-02-17,9175.276291600012,0.09205497146518649,,0.0008336939051656334
2023-02-19,9171.973291600012,0.09238182183284194,,-0.0003599891594571192
2023-02-20,9175.053291600012,0.09207703856539451,,0.00033580560061374776
2023-02-21,9180.884960600011,0.09149996222367629,,0.0006356005588914471
2023-02-22,9170.157875600013,0.09256146742383431,,-0.0011684151414633748
2023-02-23,9168.217875600012,0.09275344130008367,,-0.00021155579067644315
2023-02-24,9155.767875600011,0.09398543859869446,,-0.0013579520217483765
2023-02-26,9156.727875600012,0.09389044121663281,,0.0001048519373847423
2023-02-27,9162.207875600012,0.0933481644940316,,0.0005984670588061736
2023-02-28,9170.497875600011,0.09252782251768765,,0.0009048037451842017
2023-03-01,9181.57787560001,0.09143139439972725,,0.0012082222961395939
2023-03-02,9182.867875600012,0.09130374166758193,,0.00014049872663268737
2023-03-03,9200.900875600011,0.08951927521891956,,0.001963765595268452
2023-03-05,9197.357875600012,0.08986987493209042,,-0.0003850709890154125
2023-03-06,9191.357875600012,0.09046360856997515,,-0.0006523612630011666
2023-03-07,9223.318630600012,0.08730091268069318,,0.0034772615137579344
2023-03-08,9224.285859600011,0.08720519994855358,,0.00010486778552687426
2023-03-09,9240.525859600011,0.08559816090201233,,0.0017605698963782945
2023-03-10,9240.538859600012,0.08559687447913022,1114 days,1.4068463416450072e-06
